id,file,kind,species,tissue,stage,stage_detail,method,targets,counterstain,locus,caption,doi,notes
multiplex-fish-image0,assets/images/gallery/multiplex_fish/image0.jpg,image,Bicyclus anynana,hindwing,late pupal,,FISH,dpp:green; tkv:red,,,Late pupal hindwing (B. anynana). dpp(green) and tkv(red) along veins,,
multiplex-fish-image1,assets/images/gallery/multiplex_fish/image1.jpg,image,Bicyclus anynana,hindwing,pupal,,FISH,optix:green; spalt:magenta,,,Pupal hindwing (B. anynana). optix(green) and spalt(magenta),,
multiplex-fish-image2,assets/images/gallery/multiplex_fish/image2.jpg,image,Bicyclus anynana,forewing,pupal,,FISH,optix:cyan; WntA:magenta,,,Pupal forewing (B. anynana). optix(cyan) and WntA(magenta),,
multiplex-fish-image3,assets/images/gallery/multiplex_fish/image3.jpg,image,Bicyclus anynana,hindwing,pupal,,FISH,fz2:green; optix:cyan,,,Pupal hindwing (B. anynana). fz2(green) and optix(cyan),,
multiplex-fish-image4,assets/images/gallery/multiplex_fish/image4.jpg,image,Bicyclus anynana,forewing,pupal,,FISH,optix:green; spalt:magenta; omb:red,,,"Pupal forewing (B. anynana). optix(green), spalt(magenta), and omb(red)",,
multiplex-fish-image5,assets/images/gallery/multiplex_fish/image5.jpg,image,Bicyclus anynana,hindwing,pupal,,FISH,optix:green; spalt:magenta; omb:red,,,"Pupal hindwing (B. anynana). optix(green), spalt(magenta), and omb(red)",,
multiplex-fish-image6,assets/images/gallery/multiplex_fish/image6.jpg,image,Bicyclus anynana,hindwing,pupal,,FISH,spalt:magenta; omb:green,,,Pupal hindwing (B. anynana). spalt(magenta) and omb(green),,
multiplex-fish-image7,assets/images/gallery/multiplex_fish/image7.jpg,image,Bicyclus anynana,hindwing,pupal,,FISH,optix:cyan; spalt:magenta; omb:yellow,,,"Pupal hindwing (B. anynana). optix(cyan), spalt(magenta), and omb(yellow)",,
multiplex-fish-image8,assets/images/gallery/multiplex_fish/image8.jpg,image,Bicyclus anynana,hindwing,larval,,FISH,Wnt1:blue; Dll:yellow; vg:orange,,,"Larval hindwing (B. anynana). Wnt1(blue), Dll(yellow), and vg(orange)",,
multiplex-fish-image9,assets/images/gallery/multiplex_fish/image9.jpg,image,Bicyclus anynana,forewing,larval,,FISH,bls:orange; spalt:red; optix:green,DAPI:blue,,"Larval forewing (B. anynana). bls(orange), spalt(red), optix(green), and DAPI(blue)",,
multiplex-fish-image10,assets/images/gallery/multiplex_fish/image10.jpg,image,Bicyclus anynana,hindwing,larval,,FISH,bls:orange; spalt:red; optix:green,DAPI:blue,,"Larval hindwing (B. anynana). bls(orange), spalt(red), optix(green), and DAPI(blue)",,
multiplex-fish-image11,assets/images/gallery/multiplex_fish/image11.jpg,image,Bicyclus anynana,forewing,larval,,FISH,fz4:red; omb:green; spalt:magenta,,,"Larval forewing (B. anynana). fz4(red), omb(green), and spalt(magenta)",,
multiplex-fish-image12,assets/images/gallery/multiplex_fish/image12.jpg,image,Bicyclus anynana,hindwing,larval,,FISH,fz4:red; omb:green; spalt:magenta,,,"Larval hindwing (B. anynana). fz4(red), omb(green), and spalt(magenta)",,
multiplex-fish-image13,assets/images/gallery/multiplex_fish/image13.jpg,image,Bicyclus anynana,forewing,larval,,FISH,fz2:red; hth:green; al1:blue; Wnt1:magenta,,,"Larval forewing (B. anynana). fz2(red), hth(green), al1(blue), Wnt1(magenta)",,
multiplex-fish-image14,assets/images/gallery/multiplex_fish/image14.jpg,image,Bicyclus anynana,hindwing,larval,,FISH,ci:magenta; ptc:yellow; optix:cyan,,,"Larval hindwing (B. anynana). ci(magenta), ptc(yellow),optix(cyan)",,
multiplex-fish-image15,assets/images/gallery/multiplex_fish/image15.jpg,image,Bicyclus anynana,forewing,larval,,FISH,rho3:magenta; mirror:green,,,Larval forewing (B. anynana). rho3(magenta) and mirror(green),,
multiplex-fish-image16,assets/images/gallery/multiplex_fish/image16.jpg,image,Bicyclus anynana,forewing,larval,,FISH,,,,Larval forewing (B. anynana). Expression of 9 genes,,Genes not listed in the original caption
multiplex-fish-image17,assets/images/gallery/multiplex_fish/image17.jpg,image,Bicyclus anynana,hindwing,larval,,FISH,,,,Larval hindwing (B. anynana). Expression of 7 genes,,Genes not listed in the original caption
multiplex-fish-video1,assets/images/gallery/multiplex_fish/video1.mp4,video,Danio rerio,brain,14 dpf,,FISH,neuroD:red; nrp1a:green; elavl3:blue; tph2:orange; oxt:yellow; gad2:magenta,,,Zebrafish 14dpf larval brain. neuroD(red)_nrp1a(green)_elavl3(blue)_tph2(orange)_oxt(yellow)_gad2(magenta),,
multiplex-fish-image18,assets/images/gallery/multiplex_fish/image18.jpg,image,Danio rerio,,14 dpf,,FISH,neurod1; nrp1a; chatb; omp; gad2; oxt; kctd12.2; elavl3; tph2,,,"14dpf zebrafish. neurod1, nrp1a, chatb, omp, gad2, oxt, kctd12.2, elavl3, and tph2",,
multiplex-fish-image19,assets/images/gallery/multiplex_fish/image19.jpg,image,Danio rerio,,14 dpf,,FISH,,,,14dpf zebrafish. Brief description or condition,,Genes not listed in the original caption Caption was a placeholder
multiplex-fish-image20,assets/images/gallery/multiplex_fish/image20.jpg,image,Danio rerio,,14 dpf,,FISH,,,,14dpf zebrafish. Brief description or condition,,Genes not listed in the original caption Caption was a placeholder
butterfly-pupal-fish-ivory1,assets/images/gallery/butterfly_pupal_fish/ivory1.jpg,image,Bicyclus anynana,hindwing,pupal,,FISH,ivory,,,Expression of ivory in pupal hindwing,,
butterfly-pupal-fish-ivory2,assets/images/gallery/butterfly_pupal_fish/ivory2.jpg,image,Bicyclus anynana,hindwing,pupal,,FISH,ivory,,,Expression of ivory in pupal hindwing,,
butterfly-pupal-fish-ivory3,assets/images/gallery/butterfly_pupal_fish/ivory3.jpg,image,Bicyclus anynana,hindwing,pupal,,FISH,ivory,,,Expression of ivory in pupal hindwing,,
butterfly-pupal-fish-fz22,assets/images/gallery/butterfly_pupal_fish/fz22.jpg,image,Bicyclus anynana,hindwing,pupal,,FISH,frizzled2,,LOC112043399,Expression of frizzled2 in pupal hindwing. LOC112043399,,
butterfly-pupal-fish-fz23,assets/images/gallery/butterfly_pupal_fish/fz23.jpg,image,Bicyclus anynana,hindwing,pupal,,FISH,frizzled2,,LOC112043399,Expression of frizzled2 in pupal hindwing. LOC112043399,,
butterfly-pupal-fish-fz24,assets/images/gallery/butterfly_pupal_fish/fz24.jpg,image,Bicyclus anynana,hindwing,pupal,,FISH,frizzled2,,LOC112043399,Expression of frizzled2 in pupal hindwing. LOC112043399,,
butterfly-pupal-fish-fz25,assets/images/gallery/butterfly_pupal_fish/fz25.jpg,image,Bicyclus anynana,hindwing,pupal,,FISH,frizzled2,,LOC112043399,Expression of frizzled2 in pupal hindwing. LOC112043399,,
butterfly-pupal-fish-wnta1,assets/images/gallery/butterfly_pupal_fish/wntA1.jpg,image,Bicyclus anynana,forewing,pupal,,FISH,wntA,,LOC128198014,Expression of wntA in pupal forewing. LOC128198014,,
butterfly-pupal-fish-wnta2,assets/images/gallery/butterfly_pupal_fish/wntA2.jpg,image,Bicyclus anynana,forewing,pupal,,FISH,wntA,,LOC128198014,Expression of wntA in pupal forewing. LOC128198014,,
butterfly-pupal-fish-wnta3,assets/images/gallery/butterfly_pupal_fish/wntA3.jpg,image,Bicyclus anynana,hindwing,pupal,,FISH,wntA,,LOC128198014,Expression of wntA in pupal hindwing. LOC128198014,,
butterfly-pupal-fish-wnta4,assets/images/gallery/butterfly_pupal_fish/wntA4.jpg,image,Bicyclus anynana,hindwing,pupal,,FISH,wntA,,LOC128198014,Expression of wntA in pupal hindwing. LOC128198014,,
butterfly-pupal-fish-optix1,assets/images/gallery/butterfly_pupal_fish/optix1.jpg,image,Bicyclus anynana,forewing,pupal,,FISH,optix,,LOC112044525,Expression of optix in pupal forewing. LOC112044525,,
butterfly-pupal-fish-optix2,assets/images/gallery/butterfly_pupal_fish/optix2.jpg,image,Bicyclus anynana,hindwing,pupal,,FISH,optix,,LOC112044525,Expression of optix in pupal hindwing. LOC112044525,,
butterfly-pupal-fish-optix3,assets/images/gallery/butterfly_pupal_fish/optix3.jpg,image,Bicyclus anynana,hindwing,pupal,,FISH,optix,,LOC112044525,Expression of optix in pupal hindwing. LOC112044525,,
butterfly-pupal-fish-optix4,assets/images/gallery/butterfly_pupal_fish/optix4.jpg,image,Bicyclus anynana,hindwing,pupal,,FISH,optix,,LOC112044525,Expression of optix in pupal hindwing. LOC112044525,,
butterfly-pupal-fish-optix5,assets/images/gallery/butterfly_pupal_fish/optix5.jpg,image,Bicyclus anynana,hindwing,pupal,,FISH,optix,,LOC112044525,Expression of optix in pupal hindwing. LOC112044525,,
butterfly-pupal-fish-wnt1,assets/images/gallery/butterfly_pupal_fish/Wnt1.jpg,image,Bicyclus anynana,hindwing,pupal,,FISH,wnt1,,LOC112058530,Expression of wnt1 in pupal hindwing. LOC112058530,,
butterfly-pupal-fish-tkv1,assets/images/gallery/butterfly_pupal_fish/tkv1.jpg,image,Bicyclus anynana,hindwing,pupal,,FISH,tkv,,LOC112044074,Expression of tkv in pupal hindwing. LOC112044074,,
butterfly-pupal-fish-tkv2,assets/images/gallery/butterfly_pupal_fish/tkv2.jpg,image,Bicyclus anynana,hindwing,pupal,,FISH,tkv,,LOC112044074,Expression of tkv in pupal hindwing. LOC112044074,,
butterfly-pupal-fish-tkv3,assets/images/gallery/butterfly_pupal_fish/tkv3.jpg,image,Bicyclus anynana,hindwing,pupal,,FISH,tkv,,LOC112044074,Expression of tkv in pupal hindwing. LOC112044074,,
butterfly-pupal-fish-tkv721,assets/images/gallery/butterfly_pupal_fish/tkv721.jpg,image,Bicyclus anynana,forewing,late pupal,,FISH,tkv,,LOC112044074,Expression of tkv in a late pupal forewing. LOC112044074,,
butterfly-pupal-fish-tkv722,assets/images/gallery/butterfly_pupal_fish/tkv722.jpg,image,Bicyclus anynana,hindwing,late pupal,,FISH,tkv,,LOC112044074,Expression of tkv in a late pupal hindwing. LOC112044074,,
butterfly-pupal-fish-spalt1,assets/images/gallery/butterfly_pupal_fish/spalt1.jpg,image,Bicyclus anynana,forewing,pupal,,FISH,spalt,,LOC112046662,Expression of spalt in pupal forewing. LOC112046662,,
butterfly-pupal-fish-spalt2,assets/images/gallery/butterfly_pupal_fish/spalt2.jpg,image,Bicyclus anynana,hindwing,pupal,,FISH,spalt,,LOC112046662,Expression of spalt in pupal hindwing. LOC112046662,,
butterfly-pupal-fish-spalt3,assets/images/gallery/butterfly_pupal_fish/spalt3.jpg,image,Bicyclus anynana,hindwing,pupal,,FISH,spalt,,LOC112046662,Expression of spalt in pupal hindwing. LOC112046662,,
butterfly-pupal-fish-spalt4,assets/images/gallery/butterfly_pupal_fish/spalt4.jpg,image,Bicyclus anynana,hindwing,pupal,,FISH,spalt,,LOC112046662,Expression of spalt in pupal hindwing. LOC112046662,,
butterfly-pupal-fish-spalt5,assets/images/gallery/butterfly_pupal_fish/spalt5.jpg,image,Bicyclus anynana,hindwing,pupal,,FISH,spalt,,LOC112046662,Expression of spalt in pupal hindwing. LOC112046662,,
butterfly-pupal-fish-spalt6,assets/images/gallery/butterfly_pupal_fish/spalt6.jpg,image,Bicyclus anynana,hindwing,pupal,,FISH,spalt,,LOC112046662,Expression of spalt in pupal hindwing. LOC112046662,,
butterfly-pupal-fish-fz91,assets/images/gallery/butterfly_pupal_fish/fz91.jpg,image,Bicyclus anynana,hindwing,pupal,,FISH,frizzled9,,LOC112049235,Expression of frizzled9 in pupal hindwing. LOC112049235,,
butterfly-pupal-fish-a81,assets/images/gallery/butterfly_pupal_fish/A81.jpg,image,Bicyclus anynana,hindwing,pupal,,FISH,A8,,LOC128198825,Expression of A8 in pupal hindwing. LOC128198825,,
butterfly-pupal-fish-a82,assets/images/gallery/butterfly_pupal_fish/A82.jpg,image,Bicyclus anynana,hindwing,pupal,,FISH,A8,,LOC128198825,Expression of A8 in pupal hindwing. LOC128198825,,
butterfly-pupal-fish-a83,assets/images/gallery/butterfly_pupal_fish/A83.jpg,image,Bicyclus anynana,hindwing,pupal,,FISH,A8,,LOC128198825,Expression of A8 in pupal hindwing. LOC128198825,,
butterfly-pupal-fish-hsp67b1,assets/images/gallery/butterfly_pupal_fish/hsp67b1.jpg,image,Bicyclus anynana,hindwing,pupal,,FISH,hsp67b,,LOC112054669,Expression of hsp67b in pupal hindwing. LOC112054669,,
butterfly-pupal-fish-mad61,assets/images/gallery/butterfly_pupal_fish/mad61.jpg,image,Bicyclus anynana,hindwing,pupal,,FISH,mad6,,LOC112050707,Expression of mad6 in pupal hindwing. LOC112050707,,
butterfly-pupal-fish-mad62,assets/images/gallery/butterfly_pupal_fish/mad62.jpg,image,Bicyclus anynana,hindwing,pupal,,FISH,mad6,,LOC112050707,Expression of mad6 in pupal hindwing. LOC112050707,,
butterfly-pupal-fish-dpp1,assets/images/gallery/butterfly_pupal_fish/dpp1.jpg,image,Bicyclus anynana,hindwing,pupal,,FISH,dpp,,LOC112044871,Expression of dpp in pupal hindwing. LOC112044871,,
butterfly-pupal-fish-dpp721,assets/images/gallery/butterfly_pupal_fish/dpp721.jpg,image,Bicyclus anynana,forewing,late pupal,,FISH,dpp,,LOC112044871,Expression of dpp in a late pupal forewing. LOC112044871,,
butterfly-pupal-fish-dpp722,assets/images/gallery/butterfly_pupal_fish/dpp722.jpg,image,Bicyclus anynana,hindwing,late pupal,,FISH,dpp,,LOC112044871,Expression of dpp in a late pupal hindwing. LOC112044871,,
butterfly-pupal-fish-en1,assets/images/gallery/butterfly_pupal_fish/en1.jpg,image,Bicyclus anynana,hindwing,pupal,,FISH,en1,,LOC112053007,Expression of en1 in pupal hindwing. LOC112053007,,
butterfly-pupal-fish-en2,assets/images/gallery/butterfly_pupal_fish/en2.jpg,image,Bicyclus anynana,hindwing,pupal,,FISH,en1,,LOC112053007,Expression of en1 in pupal hindwing. LOC112053007,,
butterfly-pupal-fish-en3,assets/images/gallery/butterfly_pupal_fish/en3.jpg,image,Bicyclus anynana,hindwing,pupal,,FISH,en1,,LOC112053007,Expression of en1 in pupal hindwing. LOC112053007,,
butterfly-pupal-fish-en4,assets/images/gallery/butterfly_pupal_fish/en4.jpg,image,Bicyclus anynana,hindwing,pupal,,FISH,en1,,LOC112053007,Expression of en1 in pupal hindwing. LOC112053007,,
butterfly-pupal-fish-omb1,assets/images/gallery/butterfly_pupal_fish/omb1.jpg,image,Bicyclus anynana,forewing,pupal,,FISH,omb,,LOC112048640,Expression of omb in pupal forewing. LOC112048640,,
butterfly-pupal-fish-omb2,assets/images/gallery/butterfly_pupal_fish/omb2.jpg,image,Bicyclus anynana,hindwing,pupal,,FISH,omb,,LOC112048640,Expression of omb in pupal hindwing. LOC112048640,,
butterfly-pupal-fish-omb3,assets/images/gallery/butterfly_pupal_fish/omb3.jpg,image,Bicyclus anynana,hindwing,pupal,,FISH,omb,,LOC112048640,Expression of omb in pupal hindwing. LOC112048640,,
butterfly-pupal-fish-omb4,assets/images/gallery/butterfly_pupal_fish/omb4.jpg,image,Bicyclus anynana,hindwing,pupal,,FISH,omb,,LOC112048640,Expression of omb in pupal hindwing. LOC112048640,,
butterfly-pupal-fish-omb5,assets/images/gallery/butterfly_pupal_fish/omb5.jpg,image,Bicyclus anynana,hindwing,pupal,,FISH,omb,,LOC112048640,Expression of omb in pupal hindwing. LOC112048640,,
butterfly-pupal-fish-omb726,assets/images/gallery/butterfly_pupal_fish/omb726.jpg,image,Bicyclus anynana,hindwing,late pupal,,FISH,omb,,LOC112048640,Expression of omb in a late pupal hindwing. LOC112048640,,
butterfly-pupal-fish-ci1,assets/images/gallery/butterfly_pupal_fish/ci1.jpg,image,Bicyclus anynana,hindwing,pupal,,FISH,ci,,LOC112046560,Expression of ci in pupal hindwing. LOC112046560,,
butterfly-pupal-fish-fz41,assets/images/gallery/butterfly_pupal_fish/fz41.jpg,image,Bicyclus anynana,forewing,pupal,,FISH,fz4,,LOC112045330,Expression of fz4 in pupal forewing. LOC112045330,,
butterfly-pupal-fish-fz42,assets/images/gallery/butterfly_pupal_fish/fz42.jpg,image,Bicyclus anynana,hindwing,pupal,,FISH,fz4,,LOC112045330,Expression of fz4 in pupal hindwing. LOC112045330,,
butterfly-pupal-fish-fz43,assets/images/gallery/butterfly_pupal_fish/fz43.jpg,image,Bicyclus anynana,hindwing,pupal,,FISH,fz4,,LOC112045330,Expression of fz4 in pupal hindwing. LOC112045330,,
butterfly-pupal-fish-blaze1,assets/images/gallery/butterfly_pupal_fish/blaze1.jpg,image,Bicyclus anynana,forewing,pupal,,FISH,blaze,,LOC112058341,Expression of blaze in pupal forewing. LOC112058341,,
butterfly-pupal-fish-blaze2,assets/images/gallery/butterfly_pupal_fish/blaze2.jpg,image,Bicyclus anynana,forewing,pupal,,FISH,blaze,,LOC112058341,Expression of blaze in pupal forewing. LOC112058341,,
butterfly-pupal-fish-dll1,assets/images/gallery/butterfly_pupal_fish/dll1.jpg,image,Bicyclus anynana,hindwing,pupal,,FISH,Dll,,LOC112055223,Expression of Dll in pupal hindwing. LOC112055223,,
butterfly-pupal-fish-dll2,assets/images/gallery/butterfly_pupal_fish/dll2.jpg,image,Bicyclus anynana,hindwing,pupal,,FISH,Dll,,LOC112055223,Expression of Dll in pupal hindwing. LOC112055223,,
butterfly-fish-bf1,assets/images/gallery/butterfly_fish/bf1.jpg,image,Bicyclus anynana,hindwing,larval,0.25,FISH,spalt,,LOC112046662,spalt hindwing(0.25). LOC112046662,,
butterfly-fish-bf2,assets/images/gallery/butterfly_fish/bf2.jpg,image,Bicyclus anynana,hindwing,larval,0.25,FISH,spalt,,LOC112046662,spalt hindwing(0.25). LOC112046662,,
butterfly-fish-bf3,assets/images/gallery/butterfly_fish/bf3.jpg,image,Bicyclus anynana,hindwing,larval,0.50,FISH,spalt,,LOC112046662,spalt hindwing(0.50). LOC112046662,,
butterfly-fish-bf4,assets/images/gallery/butterfly_fish/bf4.jpg,image,Bicyclus anynana,hindwing,larval,0.50,FISH,spalt,,LOC112046662,spalt hindwing(0.50). LOC112046662,,
butterfly-fish-bf5,assets/images/gallery/butterfly_fish/bf5.jpg,image,Bicyclus anynana,hindwing,larval,1.00,FISH,spalt,,LOC112046662,spalt hindwing(1.00). LOC112046662,,
butterfly-fish-bf6,assets/images/gallery/butterfly_fish/bf6.jpg,image,Bicyclus anynana,hindwing,larval,1.00,FISH,spalt,,LOC112046662,spalt hindwing(1.00). LOC112046662,,
butterfly-fish-bf7,assets/images/gallery/butterfly_fish/bf7.jpg,image,Bicyclus anynana,hindwing,larval,1.00,FISH,spalt,,LOC112046662,spalt hindwing(1.00). LOC112046662,,
butterfly-fish-bf8,assets/images/gallery/butterfly_fish/bf8.jpg,image,Bicyclus anynana,hindwing,larval,1.50,FISH,spalt,,LOC112046662,spalt hindwing(1.50). LOC112046662,,
butterfly-fish-bf9,assets/images/gallery/butterfly_fish/bf9.jpg,image,Bicyclus anynana,hindwing,larval,1.50,FISH,spalt,,LOC112046662,spalt hindwing(1.50). LOC112046662,,
butterfly-fish-bf10,assets/images/gallery/butterfly_fish/bf10.jpg,image,Bicyclus anynana,hindwing,larval,1.50,FISH,spalt,,LOC112046662,spalt hindwing(1.50). LOC112046662,,
butterfly-fish-bf11,assets/images/gallery/butterfly_fish/bf11.jpg,image,Bicyclus anynana,hindwing,larval,2.00,FISH,spalt,,LOC112046662,spalt hindwing(2.00). LOC112046662,,
butterfly-fish-bf12,assets/images/gallery/butterfly_fish/bf12.jpg,image,Bicyclus anynana,hindwing,larval,2.00,FISH,spalt,,LOC112046662,spalt hindwing(2.00). LOC112046662,,
butterfly-fish-bf13,assets/images/gallery/butterfly_fish/bf13.jpg,image,Bicyclus anynana,hindwing,larval,2.00,FISH,spalt,,LOC112046662,spalt hindwing(2.00). LOC112046662,,
butterfly-fish-bf14,assets/images/gallery/butterfly_fish/bf14.jpg,image,Bicyclus anynana,forewing,larval,0.50,FISH,spalt,,LOC112046662,spalt forewing(0.50). LOC112046662,,
butterfly-fish-bf15,assets/images/gallery/butterfly_fish/bf15.jpg,image,Bicyclus anynana,forewing,larval,0.50,FISH,spalt,,LOC112046662,spalt forewing(0.50). LOC112046662,,
butterfly-fish-bf16,assets/images/gallery/butterfly_fish/bf16.jpg,image,Bicyclus anynana,forewing,larval,1.00,FISH,spalt,,LOC112046662,spalt forewing(1.00). LOC112046662,,
butterfly-fish-bf17,assets/images/gallery/butterfly_fish/bf17.jpg,image,Bicyclus anynana,forewing,larval,1.00,FISH,spalt,,LOC112046662,spalt forewing(1.00). LOC112046662,,
butterfly-fish-bf18,assets/images/gallery/butterfly_fish/bf18.jpg,image,Bicyclus anynana,forewing,larval,2.00,FISH,spalt,,LOC112046662,spalt forewing(2.00). LOC112046662,,
butterfly-fish-bf19,assets/images/gallery/butterfly_fish/bf19.jpg,image,Bicyclus anynana,forewing,larval,2.00,FISH,spalt,,LOC112046662,spalt forewing(2.00). LOC112046662,,
butterfly-fish-bf20,assets/images/gallery/butterfly_fish/bf20.jpg,image,Bicyclus anynana,forewing,larval,2.00,FISH,spalt,,LOC112046662,spalt forewing(2.00). LOC112046662,,
butterfly-fish-bf21,assets/images/gallery/butterfly_fish/bf21.jpg,image,Bicyclus anynana,hindwing,larval,0.50,FISH,optix,,LOC112044525,optix hindwing(0.50). LOC112044525,,
butterfly-fish-bf22,assets/images/gallery/butterfly_fish/bf22.jpg,image,Bicyclus anynana,hindwing,larval,0.50,FISH,optix,,LOC112044525,optix hindwing(0.50). LOC112044525,,
butterfly-fish-bf23,assets/images/gallery/butterfly_fish/bf23.jpg,image,Bicyclus anynana,hindwing,larval,0.50,FISH,optix,,LOC112044525,optix hindwing(0.50). LOC112044525,,
butterfly-fish-bf24,assets/images/gallery/butterfly_fish/bf24.jpg,image,Bicyclus anynana,hindwing,larval,1.00,FISH,optix,,LOC112044525,optix hindwing(1.00). LOC112044525,,
butterfly-fish-bf25,assets/images/gallery/butterfly_fish/bf25.jpg,image,Bicyclus anynana,hindwing,larval,1.00,FISH,optix,,LOC112044525,optix hindwing(1.00). LOC112044525,,
butterfly-fish-bf26,assets/images/gallery/butterfly_fish/bf26.jpg,image,Bicyclus anynana,hindwing,larval,1.50,FISH,optix,,LOC112044525,optix hindwing(1.50). LOC112044525,,
butterfly-fish-bf27,assets/images/gallery/butterfly_fish/bf27.jpg,image,Bicyclus anynana,hindwing,larval,1.50,FISH,optix,,LOC112044525,optix hindwing(1.50). LOC112044525,,
butterfly-fish-bf28,assets/images/gallery/butterfly_fish/bf28.jpg,image,Bicyclus anynana,hindwing,larval,2.00,FISH,optix,,LOC112044525,optix hindwing(2.00). LOC112044525,,
butterfly-fish-bf28-1,assets/images/gallery/butterfly_fish/bf28_1.jpg,image,Bicyclus anynana,hindwing,larval,2.00,FISH,optix,,LOC112044525,optix hindwing(2.00). LOC112044525,,
butterfly-fish-bf29,assets/images/gallery/butterfly_fish/bf29.jpg,image,Bicyclus anynana,forewing,larval,0.25,FISH,optix,,LOC112044525,optix forewing(0.25). LOC112044525,,
butterfly-fish-bf30,assets/images/gallery/butterfly_fish/bf30.jpg,image,Bicyclus anynana,forewing,larval,0.50,FISH,optix,,LOC112044525,optix forewing(0.50). LOC112044525,,
butterfly-fish-bf31,assets/images/gallery/butterfly_fish/bf31.jpg,image,Bicyclus anynana,forewing,larval,0.50,FISH,optix,,LOC112044525,optix forewing(0.50). LOC112044525,,
butterfly-fish-bf32,assets/images/gallery/butterfly_fish/bf32.jpg,image,Bicyclus anynana,forewing,larval,0.50,FISH,optix,,LOC112044525,optix forewing(0.50). LOC112044525,,
butterfly-fish-bf33,assets/images/gallery/butterfly_fish/bf33.jpg,image,Bicyclus anynana,forewing,larval,1.00,FISH,optix,,LOC112044525,optix forewing(1.00). LOC112044525,,
butterfly-fish-bf34,assets/images/gallery/butterfly_fish/bf34.jpg,image,Bicyclus anynana,forewing,larval,1.00,FISH,optix,,LOC112044525,optix forewing(1.00). LOC112044525,,
butterfly-fish-bf35,assets/images/gallery/butterfly_fish/bf35.jpg,image,Bicyclus anynana,forewing,larval,1.00,FISH,optix,,LOC112044525,optix forewing(1.00). LOC112044525,,
butterfly-fish-bf36,assets/images/gallery/butterfly_fish/bf36.jpg,image,Bicyclus anynana,forewing,larval,1.50,FISH,optix,,LOC112044525,optix forewing(1.50). LOC112044525,,
butterfly-fish-bf37,assets/images/gallery/butterfly_fish/bf37.jpg,image,Bicyclus anynana,forewing,larval,2.00,FISH,optix,,LOC112044525,optix forewing(2.00). LOC112044525,,
butterfly-fish-bf38,assets/images/gallery/butterfly_fish/bf38.jpg,image,Bicyclus anynana,forewing,larval,2.00,FISH,optix,,LOC112044525,optix forewing(2.00). LOC112044525,,
butterfly-fish-bf39,assets/images/gallery/butterfly_fish/bf39.jpg,image,Bicyclus anynana,forewing,larval,2.00,FISH,optix,,LOC112044525,optix forewing(2.00). LOC112044525,,
butterfly-fish-bf40,assets/images/gallery/butterfly_fish/bf40.jpg,image,Bicyclus anynana,hindwing,larval,0.25,FISH,omb,,LOC112048640,omb hindwing(0.25). LOC112048640,,
butterfly-fish-bf41,assets/images/gallery/butterfly_fish/bf41.jpg,image,Bicyclus anynana,hindwing,larval,0.25,FISH,omb,,LOC112048640,omb hindwing(0.25). LOC112048640,,
butterfly-fish-bf42,assets/images/gallery/butterfly_fish/bf42.jpg,image,Bicyclus anynana,hindwing,larval,0.50,FISH,omb,,LOC112048640,omb hindwing(0.50). LOC112048640,,
butterfly-fish-bf43,assets/images/gallery/butterfly_fish/bf43.jpg,image,Bicyclus anynana,hindwing,larval,0.50,FISH,omb,,LOC112048640,omb hindwing(0.50). LOC112048640,,
butterfly-fish-bf44,assets/images/gallery/butterfly_fish/bf44.jpg,image,Bicyclus anynana,hindwing,larval,0.75,FISH,omb,,LOC112048640,omb hindwing(0.75). LOC112048640,,
butterfly-fish-bf45,assets/images/gallery/butterfly_fish/bf45.jpg,image,Bicyclus anynana,hindwing,larval,0.75,FISH,omb,,LOC112048640,omb hindwing(0.75). LOC112048640,,
butterfly-fish-bf46,assets/images/gallery/butterfly_fish/bf46.jpg,image,Bicyclus anynana,hindwing,larval,1.00,FISH,omb,,LOC112048640,omb hindwing(1.00). LOC112048640,,
butterfly-fish-bf47,assets/images/gallery/butterfly_fish/bf47.jpg,image,Bicyclus anynana,hindwing,larval,1.00,FISH,omb,,LOC112048640,omb hindwing(1.00). LOC112048640,,
butterfly-fish-bf50,assets/images/gallery/butterfly_fish/bf50.jpg,image,Bicyclus anynana,hindwing,larval,1.25,FISH,omb,,LOC112048640,omb hindwing(1.25). LOC112048640,,
butterfly-fish-bf48,assets/images/gallery/butterfly_fish/bf48.jpg,image,Bicyclus anynana,hindwing,larval,1.75,FISH,omb,,LOC112048640,omb hindwing(1.75). LOC112048640,,
butterfly-fish-bf49,assets/images/gallery/butterfly_fish/bf49.jpg,image,Bicyclus anynana,hindwing,larval,1.75,FISH,omb,,LOC112048640,omb hindwing(1.75). LOC112048640,,
butterfly-fish-bf51,assets/images/gallery/butterfly_fish/bf51.jpg,image,Bicyclus anynana,forewing,larval,0.25,FISH,omb,,LOC112048640,omb forewing(0.25). LOC112048640,,
butterfly-fish-bf52,assets/images/gallery/butterfly_fish/bf52.jpg,image,Bicyclus anynana,forewing,larval,0.75,FISH,omb,,LOC112048640,omb forewing(0.75). LOC112048640,,
butterfly-fish-bf53,assets/images/gallery/butterfly_fish/bf53.jpg,image,Bicyclus anynana,forewing,larval,1.25,FISH,omb,,LOC112048640,omb forewing(1.25). LOC112048640,,
butterfly-fish-bf54,assets/images/gallery/butterfly_fish/bf54.jpg,image,Bicyclus anynana,forewing,larval,1.75,FISH,omb,,LOC112048640,omb forewing(1.75). LOC112048640,,
butterfly-fish-bf55,assets/images/gallery/butterfly_fish/bf55.jpg,image,Bicyclus anynana,forewing,larval,2.00,FISH,omb,,LOC112048640,omb forewing(2.00). LOC112048640,,
butterfly-fish-bf56,assets/images/gallery/butterfly_fish/bf56.jpg,image,Bicyclus anynana,forewing,larval,2.00,FISH,omb,,LOC112048640,omb forewing(2.00). LOC112048640,,
butterfly-fish-bf57,assets/images/gallery/butterfly_fish/bf57.jpg,image,Bicyclus anynana,hindwing,larval,0.50,FISH,Dll,,LOC112055223,Dll hindwing(0.50). LOC112055223,,
butterfly-fish-bf58,assets/images/gallery/butterfly_fish/bf58.jpg,image,Bicyclus anynana,hindwing,larval,0.50,FISH,Dll,,LOC112055223,Dll hindwing(0.50). LOC112055223,,
butterfly-fish-bf59,assets/images/gallery/butterfly_fish/bf59.jpg,image,Bicyclus anynana,hindwing,larval,1.00,FISH,Dll,,LOC112055223,Dll hindwing(1.00). LOC112055223,,
butterfly-fish-bf60,assets/images/gallery/butterfly_fish/bf60.jpg,image,Bicyclus anynana,hindwing,larval,1.25,FISH,Dll,,LOC112055223,Dll hindwing(1.25). LOC112055223,,
butterfly-fish-bf61,assets/images/gallery/butterfly_fish/bf61.jpg,image,Bicyclus anynana,hindwing,larval,1.25,FISH,Dll,,LOC112055223,Dll hindwing(1.25). LOC112055223,,
butterfly-fish-bf62,assets/images/gallery/butterfly_fish/bf62.jpg,image,Bicyclus anynana,hindwing,larval,1.75,FISH,Dll,,LOC112055223,Dll hindwing(1.75). LOC112055223,,
butterfly-fish-bf63,assets/images/gallery/butterfly_fish/bf63.jpg,image,Bicyclus anynana,hindwing,larval,2.00,FISH,Dll,,LOC112055223,Dll hindwing(2.00). LOC112055223,,
butterfly-fish-bf64,assets/images/gallery/butterfly_fish/bf64.jpg,image,Bicyclus anynana,forewing,larval,1.00,FISH,Dll,,LOC112055223,Dll forewing(1.00). LOC112055223,,
butterfly-fish-bf65,assets/images/gallery/butterfly_fish/bf65.jpg,image,Bicyclus anynana,forewing,larval,1.00,FISH,Dll,,LOC112055223,Dll forewing(1.00). LOC112055223,,
butterfly-fish-bf66,assets/images/gallery/butterfly_fish/bf66.jpg,image,Bicyclus anynana,forewing,larval,1.25,FISH,Dll,,LOC112055223,Dll forewing(1.25). LOC112055223,,
butterfly-fish-bf67,assets/images/gallery/butterfly_fish/bf67.jpg,image,Bicyclus anynana,forewing,larval,1.75,FISH,Dll,,LOC112055223,Dll forewing(1.75). LOC112055223,,
butterfly-fish-bf68,assets/images/gallery/butterfly_fish/bf68.jpg,image,Bicyclus anynana,forewing,larval,2.00,FISH,Dll,,LOC112055223,Dll forewing(2.00). LOC112055223,,
butterfly-fish-bf69,assets/images/gallery/butterfly_fish/bf69.jpg,image,Bicyclus anynana,forewing,larval,2.00,FISH,Dll,,LOC112055223,Dll forewing(2.00). LOC112055223,,
butterfly-fish-bf70,assets/images/gallery/butterfly_fish/bf70.jpg,image,Bicyclus anynana,hindwing,larval,1.00,FISH,AntP,,LOC112057779,AntP hindwing(1.00). LOC112057779,,
butterfly-fish-bf71,assets/images/gallery/butterfly_fish/bf71.jpg,image,Bicyclus anynana,hindwing,larval,2.00,FISH,AntP,,LOC112057779,AntP hindwing(2.00). LOC112057779,,
butterfly-fish-bf72,assets/images/gallery/butterfly_fish/bf72.jpg,image,Bicyclus anynana,forewing,larval,1.00,FISH,AntP,,LOC112057779,AntP forewing(1.00). LOC112057779,,
butterfly-fish-bf73,assets/images/gallery/butterfly_fish/bf73.jpg,image,Bicyclus anynana,forewing,larval,2.00,FISH,AntP,,LOC112057779,AntP forewing(2.00). LOC112057779,,
zebrafish-zebrafish1,assets/images/gallery/zebrafish/zebrafish1.jpg,image,Danio rerio,brain,,,FISH,,,,Zebrafish 1,,Genes not listed in the original caption Stage not recorded
zebrafish-zebrafish2,assets/images/gallery/zebrafish/zebrafish2.jpg,image,Danio rerio,brain,,,FISH,,,,Zebrafish 2,,Genes not listed in the original caption Stage not recorded
zebrafish-zebrafish3,assets/images/gallery/zebrafish/zebrafish3.jpg,image,Danio rerio,brain,,,FISH,,,,Zebrafish 3,,Genes not listed in the original caption Stage not recorded
zebrafish-zebrafish4,assets/images/gallery/zebrafish/zebrafish4.jpg,image,Danio rerio,brain,,,FISH,,,,Zebrafish 4,,Genes not listed in the original caption Stage not recorded
zebrafish-zebrafish5,assets/images/gallery/zebrafish/zebrafish5.jpg,image,Danio rerio,brain,,,FISH,,,,Zebrafish 5,,Genes not listed in the original caption Stage not recorded
zebrafish-zebrafish6,assets/images/gallery/zebrafish/zebrafish6.jpg,image,Danio rerio,brain,,,FISH,,,,Zebrafish 6,,Genes not listed in the original caption Stage not recorded
zebrafish-zebrafish7,assets/images/gallery/zebrafish/zebrafish7.jpg,image,Danio rerio,brain,,,FISH,,,,Zebrafish 7,,Genes not listed in the original caption Stage not recorded
zebrafish-zebrafish8,assets/images/gallery/zebrafish/zebrafish8.jpg,image,Danio rerio,brain,,,FISH,,,,Zebrafish 8,,Genes not listed in the original caption Stage not recorded
zebrafish-zebrafish9,assets/images/gallery/zebrafish/zebrafish9.jpg,image,Danio rerio,brain,,,FISH,,,,Zebrafish 9,,Genes not listed in the original caption Stage not recorded
zebrafish-zebrafish10,assets/images/gallery/zebrafish/zebrafish10.jpg,image,Danio rerio,brain,,,FISH,,,,Zebrafish 10,,Genes not listed in the original caption Stage not recorded
zebrafish-zebrafish11,assets/images/gallery/zebrafish/zebrafish11.jpg,image,Danio rerio,brain,,,FISH,,,,Zebrafish 11,,Genes not listed in the original caption Stage not recorded
zebrafish-zebrafish12,assets/images/gallery/zebrafish/zebrafish12.jpg,image,Danio rerio,brain,,,FISH,,,,Zebrafish 12,,Genes not listed in the original caption Stage not recorded
zebrafish-zebrafish13,assets/images/gallery/zebrafish/zebrafish13.jpg,image,Danio rerio,brain,,,FISH,,,,Zebrafish 13,,Genes not listed in the original caption Stage not recorded
zebrafish-zebrafish14,assets/images/gallery/zebrafish/zebrafish14.jpg,image,Danio rerio,brain,,,FISH,,,,Zebrafish 14,,Genes not listed in the original caption Stage not recorded
zebrafish-zebrafish15,assets/images/gallery/zebrafish/zebrafish15.jpg,image,Danio rerio,brain,,,FISH,,,,Zebrafish 15,,Genes not listed in the original caption Stage not recorded
zebrafish-zebrafish16,assets/images/gallery/zebrafish/zebrafish16.jpg,image,Danio rerio,brain,,,FISH,,,,Zebrafish 16,,Genes not listed in the original caption Stage not recorded
zebrafish-zebrafish17,assets/images/gallery/zebrafish/zebrafish17.jpg,image,Danio rerio,brain,,,FISH,,,,Zebrafish 17,,Genes not listed in the original caption Stage not recorded
zebrafish-zebrafish18,assets/images/gallery/zebrafish/zebrafish18.jpg,image,Danio rerio,brain,,,FISH,,,,Zebrafish 18,,Genes not listed in the original caption Stage not recorded
zebrafish-zebrafish19,assets/images/gallery/zebrafish/zebrafish19.jpg,image,Danio rerio,brain,,,FISH,,,,Zebrafish 19,,Genes not listed in the original caption Stage not recorded
zebrafish-zebrafish20,assets/images/gallery/zebrafish/zebrafish20.jpg,image,Danio rerio,brain,,,FISH,,,,Zebrafish 20,,Genes not listed in the original caption Stage not recorded
butterflybrain-thap-oct-yellowlike,assets/images/gallery/butterflybrain/thap_oct_yellowlike.jpg,image,Bicyclus anynana,brain,larval,,,thap:magenta; oct:red; yellowlike:green,,,"Butterfly larval brain ganglion: thap(magenta), oct(red), and yellowlike(green)",,
butterflybrain-yellowlike,assets/images/gallery/butterflybrain/yellowlike.jpg,image,Bicyclus anynana,brain,larval,,,yellowlike:green,,,Butterfly larval brain: yellowlike (green),,
butterflybrain-oct-yellowlike,assets/images/gallery/butterflybrain/oct_yellowlike.jpg,image,Bicyclus anynana,brain,larval,,,oct:red; yellowlike:green,,,"Butterfly brain larval brain: oct(red), and yellowlike(green)",,
butterflybrain-omb-red-synapsin-green-dapi-blue-dll-gray-left,assets/images/gallery/butterflybrain/omb(red)_synapsin(green)_DAPI(blue)_dll(gray)_Left.mp4,video,Bicyclus anynana,brain,larval,,,omb:red; synapsin:green; dll:gray,DAPI:blue,,Larval butterfly brain. omb(red)_synapsin(green)_DAPI(blue)_dll(gray),,
butterflybrain-snai2-red-exd-green-dapi-blue-acetyl-coa-gray-left,assets/images/gallery/butterflybrain/snai2(red)_exd(green)_DAPI(blue)_acetyl-CoA(gray)_Left.mp4,video,Bicyclus anynana,brain,larval,,,snai2:red; exd:green; acetyl-CoA:gray,DAPI:blue,,Larval butterfly brain. snai2(red)_exd(green)_DAPI(blue)_acetyl-CoA(gray),,
butterflybrain-dll-red-omb-green-synapsin-magenta,assets/images/gallery/butterflybrain/Dll(red)_omb(green)_synapsin(magenta).mp4,video,Bicyclus anynana,brain,larval,,,Dll:red; omb:green; synapsin:magenta,,,Larval butterfly brain. Dll(red)_omb(green)_synapsin(magenta),,
butterflybrain-dll-gray-synapsin-green-omb-red-2,assets/images/gallery/butterflybrain/dll(gray)synapsin(green)omb(red)_2.mp4,video,Bicyclus anynana,brain,larval,,,dll:gray; synapsin:green; omb:red,,,Larval butterfly brain. dll(gray)synapsin(green)omb(red),,
butterflybrain-acetyl-coa,assets/images/gallery/butterflybrain/acetyl-CoA.jpg,image,Bicyclus anynana,brain,larval,,,acetyl-CoA,,,Butterfly larval brain: acetyl-CoA,,
butterflybrain-bab,assets/images/gallery/butterflybrain/bab.jpg,image,Bicyclus anynana,brain,larval,,,bab,,,Butterfly larval brain: bab,,
butterflybrain-dac,assets/images/gallery/butterflybrain/dac.jpg,image,Bicyclus anynana,brain,larval,,,dac,,,Butterfly larval brain: dac,,
butterflybrain-dll,assets/images/gallery/butterflybrain/Dll.jpg,image,Bicyclus anynana,brain,larval,,,Dll,,,Butterfly larval brain: Dll,,
butterflybrain-dll-2,assets/images/gallery/butterflybrain/Dll_2.jpg,image,Bicyclus anynana,brain,larval,,,Dll,,,Butterfly larval brain: Dll,,
butterflybrain-exd,assets/images/gallery/butterflybrain/exd.jpg,image,Bicyclus anynana,brain,larval,,,exd,,,Butterfly larval brain: exd,,
butterflybrain-notch3-2,assets/images/gallery/butterflybrain/Notch3_2.jpg,image,Bicyclus anynana,brain,larval,,,Notch3,,,Butterfly larval brain: Notch3,,
butterflybrain-omb,assets/images/gallery/butterflybrain/omb.jpg,image,Bicyclus anynana,brain,larval,,,omb,,,Butterfly larval brain: omb,,
butterflybrain-omb-2,assets/images/gallery/butterflybrain/omb_2.jpg,image,Bicyclus anynana,brain,larval,,,omb,,,Butterfly larval brain: omb,,
butterflybrain-snai2,assets/images/gallery/butterflybrain/snai2.jpg,image,Bicyclus anynana,brain,larval,,,snai2,,,Butterfly larval brain: snai2,,
butterflybrain-synapsin,assets/images/gallery/butterflybrain/synapsin.jpg,image,Bicyclus anynana,brain,larval,,,synapsin,,,Butterfly larval brain: synapsin,,
butterflybrain-synapsin-2,assets/images/gallery/butterflybrain/synapsin_2.jpg,image,Bicyclus anynana,brain,larval,,,synapsin,,,Butterfly larval brain: synapsin,,
